title,title_url,info,img_url
用英语请人帮忙时，怎样说“这事不着急”？,http://language.chinadaily.com.cn/a/202205/27/WS62904c8ba310fd2b29e5f631.html,在工作中，我们常需要向同事提出请求或寻求帮助。如果事情并不紧急，那么该怎样用英语礼貌地告诉他人“这事不用着急”？,http://img2.chinadaily.com.cn/images/202205/27/62904c8ba310fd2bec8bc062.jpeg
Million dollar question? 价值百万美金的问题,http://language.chinadaily.com.cn/a/202205/27/WS62903f92a310fd2b29e5f612.html,Million dollar question意思是有价值的难题。,http://img2.chinadaily.com.cn/images/202205/27/62903f92a310fd2bec8bbd74.jpeg
美国得州校园枪击案21人遇难，该州总检察长建议给教师配枪,http://language.chinadaily.com.cn/a/202205/27/WS6290229aa310fd2b29e5f473.html,在5月24日得克萨斯州发生校园枪击事件后，美国保守党政客立即作出反应，再次推动学校教职员工配枪保护学生。,http://img2.chinadaily.com.cn/images/202205/27/6290229aa310fd2bec8ba7ea.jpeg
定了！2022年退休人员基本养老金上调4%,http://language.chinadaily.com.cn/a/202205/26/WS628f81aca310fd2b29e5f35d.html,今年，我国退休人员基本养老金在去年基础上上调4%。,http://img2.chinadaily.com.cn/images/202205/26/628f81aca310fd2bec8b967f.jpeg
一课译词：应接不暇,http://language.chinadaily.com.cn/a/202205/26/WS628f4855a310fd2b29e5f30a.html,"“应接不暇”，原形容景物繁多，来不及观赏。后多形容来人或事情太多，应付不过来。可以翻译为“too busy to attend to all”等。
",http://img2.chinadaily.com.cn/images/202205/26/628f49d9a310fd2bec8b8e7d.jpeg
每日一词∣乡村建设行动实施方案 action plan on rural construction,http://language.chinadaily.com.cn/a/202205/26/WS628f419aa310fd2b29e5f2f6.html,近日，中共中央办公厅、国务院办公厅印发《乡村建设行动实施方案》。方案明确，到2025年，乡村建设取得实质性进展，农村人居环境持续改善。,http://img2.chinadaily.com.cn/images/202205/26/628f419aa310fd2bec8b8c00.jpeg
外媒：枪支暴力事件每年导致美国一个县损失7200万美元,http://language.chinadaily.com.cn/a/202205/26/WS628f3961a310fd2b29e5f2df.html,美国枪支暴力已经严重危害到了民众的生命财产安全。光是在美国的圣克拉拉县，枪击事件每年造成的经济损失就高达7200万美元。,http://img2.chinadaily.com.cn/images/202205/26/628f3961a310fd2bec8b8af1.jpeg
每日新闻播报（May 26）,http://language.chinadaily.com.cn/a/202205/26/WS628f2bbda310fd2b29e5f2b5.html,今日播报内容：我国全球重要农业文化遗产增至18项；受疫情影响企业可申请缓缴住房公积金；上海6月1日之后商场全面恢复营业；美国一小学枪击案已致21人死亡。,http://img2.chinadaily.com.cn/images/202205/26/628f2bbda310fd2bec8b87a6.jpeg
关于读书的好处 这些著名作家的话一语中的,http://language.chinadaily.com.cn/a/202205/26/WS628ed8c4a310fd2b29e5f123.html,书可以带你去向往的远方，可以让你跨越千年和古人交流，可以开阔眼界、刷新认知，还可以做你的知心好友。,http://img2.chinadaily.com.cn/images/202205/26/628eda2aa310fd2bec8b6ad7.jpeg
一课译词：一落千丈,http://language.chinadaily.com.cn/a/202205/25/WS628dfd1ba310fd2b29e5ef5b.html,一落千丈”，原形容琴声由高而低突然变化，现在表示下降得很厉害，用来形容声誉、地位或经济状况急剧下降。,http://img2.chinadaily.com.cn/images/202205/25/628dfd49a310fd2bec8b4c25.jpeg
报告：全球疫情催生573位亿万富翁 却让2.63亿人陷入极度贫困,http://language.chinadaily.com.cn/a/202205/25/WS628df7e4a310fd2b29e5ef4e.html,新冠疫情期间每30个小时就有一位新的亿万富翁诞生，而2022年每33个小时就有近100万人正陷入极度贫困。,http://img2.chinadaily.com.cn/images/202205/25/628df942a310fd2bec8b4a69.jpeg
受新冠疫情影响，美国人均储蓄较去年下降超1万美元,http://language.chinadaily.com.cn/a/202205/25/WS628de98ca310fd2b29e5eefa.html,研究显示，60%的美国成年人表示，新冠疫情给他们的财务状况带来了“非常严重的打击”。,http://img2.chinadaily.com.cn/images/202205/25/628de98ca310fd2bec8b4758.jpeg
每日新闻播报（May 25）,http://language.chinadaily.com.cn/a/202205/25/WS628de83ca310fd2b29e5eeee.html,今日播报内容：两办印发乡村建设行动实施方案；青藏高原等区域将新设一批国家公园。,http://img2.chinadaily.com.cn/images/202205/25/628de83ca310fd2bec8b4687.jpeg
美好的回忆 长久的友谊——习近平与艾奥瓦友人的故事,http://language.chinadaily.com.cn/a/202205/25/WS628dbffda310fd2b29e5ee56.html,"""他拿出了1985年的访美日程表，侃侃而谈当年的很多事，称呼我们'老朋友'，所有人他都还记得，”布兰斯塔德说。",http://img2.chinadaily.com.cn/images/202205/26/628f1caaa310fd2bec8b851f.jpeg
每日一词∣软件和信息技术服务业 software and information technology sector,http://language.chinadaily.com.cn/a/202205/25/WS628da641a310fd2b29e5ee37.html,5月23日，工信部公布数据显示，今年1-4月我国软件和信息技术服务业（下称“软件业”）运行态势平稳。从总体上看，1-4月我国软件业务收入27735亿元，同比增长10.8%。,http://img2.chinadaily.com.cn/images/202205/25/628da641a310fd2bec8b3516.jpeg
加快建设全国统一大市场将为经济发展扫清“障碍”,http://language.chinadaily.com.cn/a/202205/20/WS62874ec4a310fd2b29e5e0df.html,建设全国统一大市场能充分发挥市场在资源配置中的决定性作用，为各类市场主体提供更优质发展环境和更大发展舞台。,http://img2.chinadaily.com.cn/images/202205/20/62874ec4a310fd2bec8a42d8.jpeg
每日新闻播报（May 20）,http://language.chinadaily.com.cn/a/202205/20/WS62873121a310fd2b29e5e075.html,今日播报内容：我国九成以上博物馆免费开放；500万共享单车装上北斗芯片；白皮书:中国仍是美企首选市场；美报告180例不明病因儿童肝炎病例。,http://img2.chinadaily.com.cn/images/202205/20/62873121a310fd2bec8a3af7.jpeg
美联储不顾世界加息，美国做事一向是强盗逻辑 | 小象漫评,http://language.chinadaily.com.cn/a/202205/20/WS628704aea310fd2b29e5e003.html,美联储宣布加息，使全球资金回流美国，害苦了新兴经济体。这就是美国做事的逻辑，从来都是只顾自己，完全无视其它国家的利益。,http://img2.chinadaily.com.cn/images/202205/20/628704aea310fd2bec8a2fb8.jpeg
研究：气候变化将让印度和巴基斯坦超级热浪发生率增加100倍,http://language.chinadaily.com.cn/a/202205/20/WS6286da09a310fd2b29e5ddc3.html,近日印度西北部和巴基斯坦遭遇了罕见的超级热浪天气，气温逼近50摄氏度，学校被迫停课，居民只能待在室内或到河里游泳降温。,http://img2.chinadaily.com.cn/images/202205/20/6286da09a310fd2bec8a1743.jpeg
一课译词：死对头,http://language.chinadaily.com.cn/a/202205/19/WS62861078a310fd2b29e5dd27.html,“死对头”，汉语词语，意思是指难以和解的仇敌。可以翻译为“deadly foe，sworn enemy或mortal enemy”等。,http://img2.chinadaily.com.cn/images/202205/19/628614e2a310fd2bec8a0bf9.jpeg
每日一词∣国际博物馆日 International Museum Day,http://language.chinadaily.com.cn/a/202205/19/WS6286000fa310fd2b29e5dccb.html,5月18日是“国际博物馆日”。数据显示，2021年我国博物馆接待观众7.79亿人次，线上展览和线上教育活动网络总浏览量超过41亿人次。,http://img2.chinadaily.com.cn/images/202205/19/6286000fa310fd2bec8a0750.png
多家国际金融机构预测：美国经济衰退难以避免,http://language.chinadaily.com.cn/a/202205/19/WS6285ffb6a310fd2b29e5dcc7.html,近日，包括富国银行、德意志银行、美国银行等金融机构纷纷预测，美国经济衰退难以避免。,http://img2.chinadaily.com.cn/images/202205/19/62860041a310fd2bec8a07af.jpeg
体检和看病时常用的英语表达,http://language.chinadaily.com.cn/a/202205/19/WS6285fbf0a310fd2b29e5dcaf.html,“血压测量”、“化验血”、“打点滴”用英语怎么说？,http://img2.chinadaily.com.cn/images/202205/19/6285fbf0a310fd2bec8a06a3.jpeg
每日新闻播报（May 19）,http://language.chinadaily.com.cn/a/202205/19/WS6285e172a310fd2b29e5dc45.html,今日播报内容：我国已建成5G基站近160万个；上海16个区全部实现社会面清零；前4月全国铁路开通新线581公里；麦当劳宣布退出俄罗斯。,http://img2.chinadaily.com.cn/images/202205/19/6285e172a310fd2bec8a001d.jpeg
为什么我们都是时间穷人？怎么办？,http://language.chinadaily.com.cn/a/202205/19/WS628598a8a310fd2b29e5da14.html,现在的人们感到时间比以往任何时候都紧迫。时间的贫困带走了我们的笑声，偷走了我们的喜悦，也消耗了我们的幸福。,http://img2.chinadaily.com.cn/images/202205/19/628598a8a310fd2bec89e2a9.jpeg
中国科学家研发新型隐形眼镜，可实时监测眼压辅助治疗青光眼,http://language.chinadaily.com.cn/a/202205/19/WS6285888aa310fd2b29e5d97a.html,这种柔性隐形眼镜无需电池，设计紧凑，或成为很有前景的青光眼治疗系统。,http://img2.chinadaily.com.cn/images/202205/19/6285888aa310fd2bec89dc9d.jpeg
一课译词：从容不迫,http://language.chinadaily.com.cn/a/202205/18/WS6284c98da310fd2b29e5d8cf.html,"“从容不迫”，汉语成语，意思是从容不迫指镇定沉着，形容遇事镇定自若，不慌不忙。可以翻译为“self-possessed，calm and unhurried”等。
",http://img2.chinadaily.com.cn/images/202205/18/6284c9eda310fd2bec89cfff.jpeg
每日一词∣特别提款权 Special Drawing Rights (SDR),http://language.chinadaily.com.cn/a/202205/18/WS6284b599a310fd2b29e5d8bb.html,国际货币基金组织（IMF）5月14日宣布，已完成五年一次的特别提款权（SDR）定值审查，将人民币在特别提款权（SDR）货币篮子中的权重从10.92%上调至12.28%。,http://img2.chinadaily.com.cn/images/202205/18/6284b599a310fd2bec89cde9.jpeg
2022年《美国企业在中国》白皮书发布：中国仍是美企首选市场,http://language.chinadaily.com.cn/a/202205/18/WS6284b1c7a310fd2b29e5d8a2.html,中国美国商会日前发布白皮书称，中国仍然是美国企业的首选市场，83%的企业报告称没有将制造或采购转移出中国的打算。,http://img2.chinadaily.com.cn/images/202205/18/6284b1c7a310fd2bec89cc14.jpeg
每日新闻播报（May 18）,http://language.chinadaily.com.cn/a/202205/18/WS62849d70a310fd2b29e5d831.html,"今日播报内容：中国若""躺平""代价有多大；我国高等教育毛入学率达到57.8%。",http://img2.chinadaily.com.cn/images/202205/18/62849df3a310fd2bec89c66d.jpeg
调查：人民币资产对全球投资者的吸引力日益强大,http://language.chinadaily.com.cn/a/202206/08/WS62a06836a310fd2b29e617c6.html,61.3%的受访境外金融机构表示将增加人民币计价金融资产的配置，较2020年的调查结果提升了9个百分点。,http://img2.chinadaily.com.cn/images/202206/08/62a06836a310fd2bec8e2993.jpeg
每日一词∣乡村振兴系列专题金融债rural-vitalization-themed financial bonds,http://language.chinadaily.com.cn/a/202206/08/WS62a0651ba310fd2b29e617bf.html,近日，国家开发银行发行80亿元乡村振兴系列专题金融债。国家开发银行表示，截至目前，该行已累计发行乡村振兴系列专题金融债180亿元。,http://img2.chinadaily.com.cn/images/202206/08/62a0651ba310fd2bec8e2846.jpeg
每日新闻播报（June 8）,http://language.chinadaily.com.cn/a/202206/08/WS62a04cc4a310fd2b29e61716.html,今日播报内容：2022年全国高考拉开大幕；中国青少年足球联赛正式落地。,http://img2.chinadaily.com.cn/images/202206/08/62a04cc4a310fd2bec8e1efd.jpeg
TED演讲：为什么你活得这么累？,http://language.chinadaily.com.cn/a/202206/08/WS629ffa13a310fd2b29e614f4.html,为什么你活得这么累？工作压力这么大？也许原因不在你。我们往往认为压力是一种结果，但Rob Cooke却认为，它其实是一种文化。,http://img2.chinadaily.com.cn/images/202206/08/629ffa96a310fd2bec8e0275.jpeg
世界最大规模：英国开始试行四天工作制,http://language.chinadaily.com.cn/a/202206/08/WS629fed92a310fd2b29e6144b.html,从本周一开始，70家英国公司的3300名员工开始试行为期四天的工作周，这是世界上有史以来规模最大的短工作周试点活动。,http://img2.chinadaily.com.cn/images/202206/08/629fed92a310fd2bec8df9b2.jpeg
缓解通胀压力！美商务部长称正研究取消部分对华关税,http://language.chinadaily.com.cn/a/202206/07/WS629f2104a310fd2b29e6138a.html,美国商务部长吉娜·雷蒙多6月5日在接受CNN采访时表示，拜登总统要求他的团队考虑取消部分对华关税，以缓解当前的高通胀。,http://img2.chinadaily.com.cn/images/202206/07/629f2104a310fd2bec8df055.jpeg
一课译词：聚精会神,http://language.chinadaily.com.cn/a/202206/07/WS629f1c71a310fd2b29e61389.html,“聚精会神”，汉语成语，形容专心致志，注意力高度集中的样子。可以翻译为“concentrate one's mind on”。,http://img2.chinadaily.com.cn/images/202206/08/62a043baa310fd2bec8e1dc0.jpeg
Head wind? 逆风,http://language.chinadaily.com.cn/a/202206/07/WS629f1495a310fd2b29e6137e.html,Head wind指的是逆风、顶头风，引申义为阻碍、障碍。,http://img2.chinadaily.com.cn/images/202206/07/629f1495a310fd2bec8dee63.jpeg
每日一词∣天宫空间站 Tiangong space station,http://language.chinadaily.com.cn/a/202206/07/WS629fee28a310fd2b29e61451.html,中国载人航天工程新闻发言人6月4日在新闻发布会上表示，天宫空间站可以部署25台科学实验柜进行空间科学实验。每台实验柜都是一个小型的太空实验室，可以支持开展单学科或多学科交叉的空间科学实验。,http://img2.chinadaily.com.cn/images/202206/08/629fee28a310fd2bec8df9e9.png
每日新闻播报（June 7）,http://language.chinadaily.com.cn/a/202206/07/WS629ef956a310fd2b29e61317.html,今日播报内容：神十四乘组顺利进驻天和核心舱；端午节假期国内近8000万人次出游。,http://img2.chinadaily.com.cn/images/202206/07/629ef956a310fd2bec8ddf6b.jpeg
喝咖啡还能顺便看中医，广州这家“中医养生咖啡馆”火了,http://language.chinadaily.com.cn/a/202206/07/WS629e950aa310fd2b29e60fe6.html,在许多人眼里，中医与咖啡毫不相关，但在广州一家咖啡馆却把两者合二为一，颇受客人认可。,http://img2.chinadaily.com.cn/images/202206/07/629e950aa310fd2bec8dadcb.jpeg
一课译词：慷慨激昂,http://language.chinadaily.com.cn/a/202206/06/WS629dd697a310fd2b29e60f7a.html,“慷慨激昂”，汉语成语，意思是精神振奋，情绪激昂。可以翻译为“be fervent and excited”。,http://img2.chinadaily.com.cn/images/202206/06/629ddf68a310fd2bec8da717.jpeg
每日新闻播报（June 6）,http://language.chinadaily.com.cn/a/202206/06/WS629dc5a0a310fd2b29e60f4f.html,今日播报内容：我国首部湿地保护法正式施行；两部门: 促进高校哲学社会科学高质量发展；美国医疗补助扩员计划即将终止；美枪击案后加拿大拟加强枪支管制。 ,http://img2.chinadaily.com.cn/images/202206/06/629dc5a0a310fd2bec8da49f.jpeg
每日一词∣湿地保护 wetlands protection,http://language.chinadaily.com.cn/a/202206/06/WS629dc21aa310fd2b29e60f43.html,6月1日，湿地保护法正式施行，这标志着我国湿地保护全面进入法治化轨道新阶段。国家对湿地实行分级管理，重要湿地依法纳入生态保护红线。,http://img2.chinadaily.com.cn/images/202206/06/629dc21aa310fd2bec8da35a.jpeg
专家：减征车辆购置税 全年销量预计可增200万台,http://language.chinadaily.com.cn/a/202206/06/WS629db2e1a310fd2b29e60f1d.html,自从财政部和税务总局上周宣布部分乘用车减半征收车辆购置税的优惠政策后，多家汽车厂商相继推出购置税减免优惠和补贴。,http://img2.chinadaily.com.cn/images/202206/06/629db2e1a310fd2bec8d9f25.jpeg
怎样用英语谈论童年经历？,http://language.chinadaily.com.cn/a/202206/06/WS629d9785a310fd2b29e60ebe.html,回忆儿时往事时常用的“小时候”、“打小”、“想当年”等有没有对应的英语说法？,http://img2.chinadaily.com.cn/images/202206/06/629d9785a310fd2bec8d9814.jpeg
快看：六月份即将上映的精彩新片,http://language.chinadaily.com.cn/a/202206/03/WS62995612a310fd2b29e60990.html,本月新上映的电影有哪些值得一看？BBC电影专家推荐你看《侏罗纪世界3》、《主竞赛》、《布赖恩和查尔斯》还有《光年正传》。,http://img2.chinadaily.com.cn/images/202206/03/62995612a310fd2bec8d21ea.jpeg
一课译词：错综复杂,http://language.chinadaily.com.cn/a/202206/02/WS62987f59a310fd2b29e608d1.html,“错综复杂”，意思是重复杂乱，形容头绪繁多，情况复杂，可以翻译为“very complicated或intricate and complex”等。,http://img2.chinadaily.com.cn/images/202206/02/62987fe1a310fd2bec8d169f.jpeg
增值税留抵退税政策扩围，再惠及7大行业,http://language.chinadaily.com.cn/a/202206/02/WS62987f2ea310fd2b29e608cd.html,"增值税留抵退税政策“扩围”纳入7个行业企业后,今年新增退税总额预计约1.64万亿元。",http://img2.chinadaily.com.cn/images/202206/02/62987f2ea310fd2bec8d1652.jpeg
每日一词∣中国儿童中心China National Children's Center,http://language.chinadaily.com.cn/a/202206/02/WS62987c21a310fd2b29e608c0.html,在中国儿童中心成立40周年之际，中共中央总书记、国家主席、中央军委主席习近平发来贺信，表示热烈的祝贺，并代表党中央向全国广大少年儿童致以节日的祝贺，祝小朋友们学习进步、快乐生活、茁壮成长。,http://img2.chinadaily.com.cn/images/202206/02/62987c21a310fd2bec8d15e8.jpeg
每日新闻播报（June 2）,http://language.chinadaily.com.cn/a/202206/02/WS6298523fa310fd2b29e60826.html,今日播报内容：国务院发布扎实稳住经济的一揽子政策措施；国务院联防联控机制:精准规范开展消毒；6月1日起部分乘用车购置税减半；白鹤滩水电站百万千瓦机组投产过半。,http://img2.chinadaily.com.cn/images/202206/02/6298523fa310fd2bec8d0a8c.jpeg
世卫组织：全球30个国家和地区报告550多例猴痘病例,http://language.chinadaily.com.cn/a/202206/02/WS6297fd8aa310fd2b29e605d5.html,世卫组织表示，全球已有30个国家和地区报告550多例确诊猴痘病例。猴痘的全球公共卫生风险评估为中等。,http://img2.chinadaily.com.cn/images/202206/02/6297fd8aa310fd2bec8cddf2.jpeg
一课译词：坐立不安,http://language.chinadaily.com.cn/a/202206/01/WS62973843a310fd2b29e60559.html,“坐立不安”，汉语成语，坐着站着都不安稳，形容心情烦躁不安的样子。可以翻译为“be fidgety or restless”。,http://img2.chinadaily.com.cn/images/202206/01/629738f7a310fd2bec8cd574.jpeg
每日一词∣潮光互补智能光伏电站 solar-tidal intelligent photovoltaic power plant,http://language.chinadaily.com.cn/a/202206/01/WS62972a9aa310fd2b29e6052d.html,中国首座潮光互补型智能光伏电站——国家能源集团龙源浙江温岭潮光互补型智能光伏电站5月30日实现全容量并网发电，标志着中国在海洋能源综合利用、新能源立体式开发建设等方面取得新成效。据了解，该电站总装机容量100兆瓦。,http://img2.chinadaily.com.cn/images/202206/01/62972a9aa310fd2bec8cd1b8.jpeg
TED演讲：盲目乐观到底好不好？,http://language.chinadaily.com.cn/a/202206/01/WS62971047a310fd2b29e604e7.html,"虽然乐观有非常多的好处，但基于人内心不理性的因素，有时也会让人盲目。如果你是一个盲目乐观的人，一定要看到最后。

",http://img2.chinadaily.com.cn/images/202206/01/62971047a310fd2bec8cbe46.jpeg
我国将加快推进重大外资项目 进一步稳住和扩大外商投资,http://language.chinadaily.com.cn/a/202206/01/WS62970a38a310fd2b29e604cf.html,近日，国务院印发《扎实稳住经济的一揽子政策措施》，指出要加快推进重大外资项目，积极吸引外商投资。,http://img2.chinadaily.com.cn/images/202206/01/62970a38a310fd2bec8cbde8.jpeg
每日新闻播报（June 1）,http://language.chinadaily.com.cn/a/202206/01/WS6296ea94a310fd2b29e60459.html,今日播报内容：2022年全国高考报名1193万人；国家统计局:5月PMI有所回升；上海6月1日起全面恢复正常秩序；国办发文力促外贸保稳提质。,http://img2.chinadaily.com.cn/images/202206/01/6296ea94a310fd2bec8cafad.jpeg
加拿大将立法禁止进口、买卖和运输手枪,http://language.chinadaily.com.cn/a/202206/01/WS6296b312a310fd2b29e60218.html,加拿大总理特鲁多宣布将立法禁止进口、买卖和运输手枪，涉嫌家暴或刑事骚扰的枪支所有者将被吊销持枪许可证。,http://img2.chinadaily.com.cn/images/202206/01/6296b312a310fd2bec8c8e3d.jpeg
每日一词∣中华文明探源工程 project to trace the origins of Chinese civilization,http://language.chinadaily.com.cn/a/202206/01/WS6296b1cda310fd2b29e6020a.html,近日，中共中央政治局就深化中华文明探源工程进行第三十九次集体学习。中共中央总书记习近平在主持学习时强调，中华文明源远流长、博大精深，是中华民族独特的精神标识，是当代中国文化的根基，是维系全世界华人的精神纽带，也是中国文化创新的宝藏。,http://img2.chinadaily.com.cn/images/202206/01/6296b1cda310fd2bec8c8da2.jpeg
缓和全球通胀，中国发挥积极作用,http://language.chinadaily.com.cn/a/202205/31/WS6295e45ba310fd2b29e60145.html,得益于疫情防控得当、社会生产秩序稳定，宏观政策力度节奏把握精准，中国物价一直运行在总体合理区间，对全球物价发挥了积极作用。,http://img2.chinadaily.com.cn/images/202205/31/6295e45ba310fd2bec8c842a.jpeg
为什么发烧时会做奇怪的噩梦？,http://language.chinadaily.com.cn/a/202205/25/WS628d718aa310fd2b29e5ec0d.html,为什么发烧会引发奇怪的噩梦？对此，科学家们有一些猜测。,http://img2.chinadaily.com.cn/images/202205/25/628d718aa310fd2bec8b0cec.jpeg
一课译词：只言片语,http://language.chinadaily.com.cn/a/202205/24/WS628ca4d0a310fd2b29e5eb63.html,"“只言片语”，汉语成语，个别的词句和片段的话语。可以翻译为“just a few words，a word or two或a single sentence”等。
",http://img2.chinadaily.com.cn/images/202205/24/628ca513a310fd2bec8b02a8.jpeg
Expert opinion? 专家意见,http://language.chinadaily.com.cn/a/202205/24/WS628c9b7ba310fd2b29e5eb4b.html,Expert opinion指的是专家、内行的意见。,http://img2.chinadaily.com.cn/images/202205/24/628c9b7ba310fd2bec8b013b.jpeg
每日新闻播报（May 24）,http://language.chinadaily.com.cn/a/202205/24/WS628c8331a310fd2b29e5eabb.html,今日播报内容：到2025年人均预期寿命提高1岁左右；中国生物物种名录2022版发布；气候变化导致超级热浪发生率增加百倍；食品包装中发现3000多种潜在有害化学物质。,http://img2.chinadaily.com.cn/images/202205/24/628c8331a310fd2bec8afbc1.jpeg
每日一词∣国际茶日 International Tea Day,http://language.chinadaily.com.cn/a/202205/24/WS628c3508a310fd2b29e5e8f0.html,茶是世界三大饮品之一，全球产茶国和地区达60多个，饮茶人口超过20亿。2019年11月，联合国宣布将每年5月21日确定为“国际茶日”。,http://img2.chinadaily.com.cn/images/202205/25/628d87dda310fd2bec8b1f5b.png
调查：“差钱”让美国人感到前所未有的精神压力,http://language.chinadaily.com.cn/a/202205/24/WS628c200aa310fd2b29e5e826.html,调查显示，美国人因金钱承受的精神压力比以往任何时候都要大，87%的美国人表示压力增大是由于通货膨胀和物价上涨。,http://img2.chinadaily.com.cn/images/202205/24/628c200aa310fd2bec8ad45b.jpeg
一课译词：垂涎欲滴,http://language.chinadaily.com.cn/a/202205/23/WS628b5500a310fd2b29e5e725.html,“垂涎欲滴”，汉语成语，意思是馋得连口水都要滴下来了，形容非常想吃的样子，也比喻十分羡慕，极想得到。,http://img2.chinadaily.com.cn/images/202205/23/628b5533a310fd2bec8ac56f.jpeg
美媒：美国“奶粉荒”持续，贸易保护反噬自身,http://language.chinadaily.com.cn/a/202205/23/WS628b4bb8a310fd2b29e5e6fe.html,美国商业杂志《快公司》报道分析，美国为维护市场控制地位、严格控制配方奶粉进口而高筑关税壁垒，加剧了奶粉荒短时间难以缓解的局面。,http://img2.chinadaily.com.cn/images/202205/23/628b4bb8a310fd2bec8ac2ef.jpeg
每日新闻播报（May 23）,http://language.chinadaily.com.cn/a/202205/23/WS628b1728a310fd2b29e5e675.html,今日播报内容：新型隐形眼镜可辅助治疗青光眼；30万美国人若接种疫苗本可避免死亡。,http://img2.chinadaily.com.cn/images/202205/23/628b1728a310fd2bec8ab03d.jpeg
每日一词∣白鹤滩水电站 Baihetan hydropower station,http://language.chinadaily.com.cn/a/202205/23/WS628b04b1a310fd2b29e5e64d.html,白鹤滩水电站机组总装工作近日全部完成，标志着白鹤滩水电站建设的取得重大进展，后续机组调试工作正在有序进行，预计年内全部机组投产发电。白鹤滩水电站总装机容量1600万千瓦。,http://img2.chinadaily.com.cn/images/202205/23/628b04b1a310fd2bec8aaa77.jpeg
科学家在食品包装中发现3000多种潜在有害化学物质,http://language.chinadaily.com.cn/a/202205/23/WS628ace8aa310fd2b29e5e45c.html,科学家们已经确定了3000多种可在食品包装和其他食品相关材料中发现的潜在有害化学物质，其中三分之二是以前未发现与食品接触的化学品。,http://img2.chinadaily.com.cn/images/202205/23/628ace8aa310fd2bec8a8c46.jpeg
研究：每天一包薯片，一年后体重将增加约6.4公斤……,http://language.chinadaily.com.cn/a/202205/21/WS62882b8aa310fd2b29e5e1bc.html,如果每天一包薯片，会发生什么？,http://img2.chinadaily.com.cn/images/202205/21/62882b8aa310fd2bec8a4de2.jpeg
Don’t know the first thing? 一无所知,http://language.chinadaily.com.cn/a/202205/20/WS628763caa310fd2b29e5e130.html,Don’t know the first thing意思就是一无所知。,http://img2.chinadaily.com.cn/images/202205/20/628763caa310fd2bec8a46da.jpeg
一课译词：能说会道,http://language.chinadaily.com.cn/a/202205/20/WS628760bba310fd2b29e5e120.html,“能说会道”，汉语成语，意思是善于言辞，很会说话。与英文习语“have a silver tongue”意思相近。,http://img2.chinadaily.com.cn/images/202205/23/628b54d6a310fd2bec8ac54d.jpeg
每日新闻播报（June 16）,http://language.chinadaily.com.cn/a/202206/16/WS62aac525a310fd2b29e631f1.html,今日播报内容：我国十年培养650多万名硕士研究生；到2035年我国气候适应型社会基本建成。,http://img2.chinadaily.com.cn/images/202206/16/62aac525a310fd2bec8fc35c.jpeg
一课译词：无穷无尽,http://language.chinadaily.com.cn/a/202206/15/WS62a9d034a310fd2b29e62ec7.html,“无穷无尽”，汉语成语，意思是没有止境，没有限度，没有尽头。可以翻译为“inexhaustible，boundless”等，,http://img2.chinadaily.com.cn/images/202206/15/62a9d064a310fd2bec8f923d.jpeg
专家：中国的稳健货币政策将有助于全球通胀降温,http://language.chinadaily.com.cn/a/202206/15/WS62a9a996a310fd2b29e62ea6.html,专家指出，当前全球通胀来势汹汹，中国采取的稳健的货币政策既有利于中国经济的长期稳定发展，也有助于缓解全球通胀压力。,http://img2.chinadaily.com.cn/images/202206/15/62a9a996a310fd2bec8f900a.jpeg
每日一词∣《大公报》Ta Kung Pao,http://language.chinadaily.com.cn/a/202206/15/WS62a99f9ba310fd2b29e62e90.html,6月12日，在《大公报》创刊120周年之际，中共中央总书记、国家主席、中央军委主席习近平发来贺信。《大公报》创刊于1902年6月17日，是目前世界上仍在发行的历史最悠久的中文报纸。,http://img2.chinadaily.com.cn/images/202206/15/62a99f9ba310fd2bec8f8e98.jpeg
每日新闻播报（June 15）,http://language.chinadaily.com.cn/a/202206/15/WS62a96dbba310fd2b29e62e02.html,"今日播报内容：三部门启动实施制造业技能根基工程；民政部:未成年人文身,即使父母同意也不行。",http://img2.chinadaily.com.cn/images/202206/15/62a96dbba310fd2bec8f868b.jpeg
习近平的澳洲之行：拉近了两国人民的心,http://language.chinadaily.com.cn/a/202206/15/WS62a93f08a310fd2b29e62d30.html,习近平和彭丽媛微笑着同孩子们打招呼。“我们要播撒中澳友谊的种子，让它们生根发芽、枝繁叶茂。”,http://img2.chinadaily.com.cn/images/202206/15/62a93f08a310fd2bec8f7832.jpeg
太会玩！这个北欧城市用性感女声吸引人投放垃圾,http://language.chinadaily.com.cn/a/202206/15/WS62a92813a310fd2b29e62c11.html,为了让本地的垃圾桶“吃进”更多垃圾，瑞典马尔默市让垃圾桶发出性感女声，吸引行人把垃圾投放进垃圾桶。,http://img2.chinadaily.com.cn/images/202206/15/62a92813a310fd2bec8f6bd6.jpeg
美国家庭财富两年来首次缩水,http://language.chinadaily.com.cn/a/202206/14/WS62a8537ca310fd2b29e62af5.html,美联储发布的一份报告显示，2022年第一季度，全美家庭财富出现两年来首次下降。,http://img2.chinadaily.com.cn/images/202206/14/62a8537ca310fd2bec8f571f.jpeg
一课译词：重修旧好,http://language.chinadaily.com.cn/a/202206/14/WS62a85338a310fd2b29e62af3.html,“重修旧好”，意思是恢复旧情，重归于好，恢复以往的友谊。可以翻译为“become reconciled，mend fences”等。,http://img2.chinadaily.com.cn/images/202206/14/62a85444a310fd2bec8f5764.jpeg
Confidence game 欺骗,http://language.chinadaily.com.cn/a/202206/14/WS62a8507aa310fd2b29e62ae9.html,Confidence game指的是欺骗。骗子依靠获取对方的信任来行骗。,http://img2.chinadaily.com.cn/images/202206/14/62a8507aa310fd2bec8f567e.jpeg
每日一词∣世界遗产 world heritage sites,http://language.chinadaily.com.cn/a/202206/14/WS62a84e1ba310fd2b29e62ae7.html,6月11日是中国文化和自然遗产日。据国家林草局有关介绍，我国世界自然遗产数量达到14项，自然与文化双遗产4项，数量均居世界第一。,http://img2.chinadaily.com.cn/images/202206/14/62a84ec5a310fd2bec8f5669.png
每日新闻播报（June 14）,http://language.chinadaily.com.cn/a/202206/14/WS62a83c36a310fd2b29e62ab0.html,今日播报内容：我国世界自然遗产数量居世界第一；5月出口强劲反弹凸显我国外贸韧性；北京调整中小学幼儿园返校时间；超八成民众不满美国经济状况。,http://img2.chinadaily.com.cn/images/202206/14/62a83c36a310fd2bec8f534b.jpeg
每日一词∣水行政执法与检察公益诉讼协作机制 cooperation mechanism between water resources law enforcement and procuratorial public interest litigations,http://language.chinadaily.com.cn/a/202206/13/WS62a6fc9ba310fd2b29e62699.html,最高人民检察院与水利部6月9日联合出台《关于建立健全水行政执法与检察公益诉讼协作机制的意见》，确定会商研判、专项行动、线索移送、调查取证、案情通报等协作机制。,http://img2.chinadaily.com.cn/images/202206/13/62a6fc9ba310fd2bec8f1b95.jpeg
研究：孕妇感染新冠或影响婴儿脑发育，糖尿病或增加新冠后遗症风险,http://language.chinadaily.com.cn/a/202206/13/WS62a67e0ba310fd2b29e623e4.html,多个关于新冠病毒的最新科学研究发现，孕妇感染新冠或影响婴儿脑发育，糖尿病或增加新冠后遗症风险。,http://img2.chinadaily.com.cn/images/202206/13/62a67e0ba310fd2bec8ef488.jpeg
00后的网聊“黑话”火了，网友：我才没有暗中找科普......,http://language.chinadaily.com.cn/a/202206/11/WS62a3e91ba310fd2b29e620ee.html,每一代年轻人都有自己的流行语，今天就和CD君来一起看看Z世代们（Generation Z）的网络“黑话”吧！,http://img2.chinadaily.com.cn/images/202206/11/62a3e91ba310fd2bec8eb43a.jpeg
美国要开美洲峰会，可知盟友都是炮灰？ | 小象漫评,http://language.chinadaily.com.cn/a/202206/10/WS62a33f30a310fd2b29e6204a.html,美国邀请美洲“民主”国家，到洛杉矶参加美洲峰会。这么干可有点飘，什么时候美国的民主成了世界上唯一的标杆？,http://img2.chinadaily.com.cn/images/202206/10/62a33f30a310fd2bec8eaafe.jpeg
一课译词：漏网之鱼,http://language.chinadaily.com.cn/a/202206/10/WS62a31604a310fd2b29e62002.html,“漏网之鱼”，汉语成语，字面意思是逃脱鱼网的鱼（fish that escaped the net）。比喻侥幸逃脱的罪犯或敌人。,http://img2.chinadaily.com.cn/images/202206/10/62a32e5fa310fd2bec8ea827.jpeg
专家：5月出口强劲反弹凸显我国外贸韧性,http://language.chinadaily.com.cn/a/202206/10/WS62a30a58a310fd2b29e61fd6.html,海关总署的最新数据显示，我国5月出口增速明显回升，同比增长15.3%，专家认为这凸显出我国外贸的韧性。,http://img2.chinadaily.com.cn/images/202206/10/62a30a58a310fd2bec8ea2a1.jpeg
每日一词∣世界海洋日 World Oceans Day,http://language.chinadaily.com.cn/a/202206/10/WS62a3081aa310fd2b29e61fd4.html,今年6月8日是第14个世界海洋日。世界海洋日的设立旨在提醒人们海洋对于人类社会生存和发展具有重要意义。,http://img2.chinadaily.com.cn/images/202206/10/62a3081aa310fd2bec8ea293.jpeg
每日新闻播报（June 10）,http://language.chinadaily.com.cn/a/202206/10/WS62a2e6d0a310fd2b29e61f6b.html,今日播报内容：湖南强降雨已致179万人受灾；英国开始试行四天工作制。,http://img2.chinadaily.com.cn/images/202206/10/62a2e6d0a310fd2bec8e9b84.png
Know the game forwards and backwards? 精通,http://language.chinadaily.com.cn/a/202206/10/WS62a2dfd5a310fd2b29e61f53.html,Know the game forwards and backwards意思是非常精通，了解得一清二楚。,http://img2.chinadaily.com.cn/images/202206/10/62a2dfd5a310fd2bec8e9963.jpeg
一课译词：兢兢业业,http://language.chinadaily.com.cn/a/202206/09/WS62a1c0d7a310fd2b29e61c16.html,“兢兢业业”，汉语成语，形容做事小心谨慎，工作认真踏实。可以翻译为“be conscientious and do one's best”。,http://img2.chinadaily.com.cn/images/202206/09/62a1c0f5a310fd2bec8e68fc.jpeg
美民调：超八成民众不满美国经济状况,http://language.chinadaily.com.cn/a/202206/09/WS62a1c05ca310fd2b29e61c11.html,一项最新民调结果显示，通货膨胀让美国民众对经济感到悲观，约83%的受访者认为美国的经济状况糟糕或不景气。,http://img2.chinadaily.com.cn/images/202206/09/62a1c05ca310fd2bec8e68be.jpeg
每日一词∣社会保险基金 social security fund,http://language.chinadaily.com.cn/a/202206/09/WS62a1b69aa310fd2b29e61bea.html,人社部6月7日发布的《2021年度人力资源和社会保障事业发展统计公报》（以下简称《公报》）显示，全年基本养老保险、失业保险、工伤保险三项社会保险基金收入合计68205亿元，比上年增长34.6%。,http://img2.chinadaily.com.cn/images/202206/09/62a1b69aa310fd2bec8e6658.jpeg
每日新闻播报（June 9）,http://language.chinadaily.com.cn/a/202206/09/WS62a1ad97a310fd2b29e61bd4.html,今日播报内容：青海湖国家公园创建申请获批；故宫恢复开放按75％限流。,http://img2.chinadaily.com.cn/images/202206/09/62a1ad97a310fd2bec8e62bb.jpeg
每日一词 ∣气象高质量发展 high-quality meteorological development,http://language.chinadaily.com.cn/a/202205/20/WS62875b23a310fd2b29e5e0ee.html,国务院日前印发《气象高质量发展纲要（2022－2035年）》（以下简称《纲要》）。《纲要》明确，到2035年，气象关键科技领域实现重大突破，气象监测、预报和服务水平全球领先，以智慧气象为主要特征的气象现代化基本实现。,http://img2.chinadaily.com.cn/images/202205/20/62875b23a310fd2bec8a43d8.jpeg
专家：中国第二季度经济仍将保持较好增长态势,http://language.chinadaily.com.cn/a/202206/13/WS62a6f853a310fd2b29e62673.html,经济学家和分析师指出，随着疫情影响减退，复工复产逐步推进，政府出台更多扶持政策，中国第二季度有望实现经济正增长。,http://img2.chinadaily.com.cn/images/202206/13/62a6f853a310fd2bec8f1af3.jpeg
每日新闻播报（June 13）,http://language.chinadaily.com.cn/a/202206/13/WS62a6d63ba310fd2b29e62606.html,今日播报内容：全国'三夏'麦收进度过半；调查：人民币资产的吸引力日益强大。,http://img2.chinadaily.com.cn/images/202206/13/62a6d63ba310fd2bec8f16a6.jpeg
"“我没时间”用英语表达是""I have no time""？大错特错！",http://language.chinadaily.com.cn/a/202206/09/WS62a15697a310fd2b29e61a09.html,由于受中式思维影响，我们说英语很喜欢直译，比如我没时间了说成I have no time。但这句话和我们平时说的“没时间”意思就差的太远了。,http://img2.chinadaily.com.cn/images/202206/14/62a84107a310fd2bec8f5417.gif
生物学家：气候变暖或使人类变小,http://language.chinadaily.com.cn/a/202206/09/WS62a1380aa310fd2b29e618da.html,生物学家表示气候危机可能导致人类体型缩小，因为体型较小的哺乳动物似乎能够更好地适应全球气候变暖。,http://img2.chinadaily.com.cn/images/202206/09/62a1380aa310fd2bec8e387b.jpeg
一课译词：赤手空拳,http://language.chinadaily.com.cn/a/202206/08/WS62a06f8ea310fd2b29e617d4.html,“赤手空拳”，，形容两手空空，一无所有。可以翻译为“bare-handed，unarmed或have only empty (bare) hands”等。,http://img2.chinadaily.com.cn/images/202206/08/62a08769a310fd2bec8e2dd5.jpeg
一课译词：交头接耳,http://language.chinadaily.com.cn/a/202205/31/WS6295e419a310fd2b29e60143.html,"“交头接耳”，汉语成语，形容两个人靠得很近，低声交谈。可以翻译为“talk in whispers，或 whisper to each other”等。

",http://img2.chinadaily.com.cn/images/202205/31/6295e4a1a310fd2bec8c845f.jpeg
民相亲关键在青年——记习主席重返塔科马之旅,http://language.chinadaily.com.cn/a/202205/31/WS6295cf62a310fd2b29e600fc.html,七年前，中国国家主席习近平访问了美国塔科马市林肯中学，当时在林肯中学授课的老师内森·鲍林回忆起习主席的到访，至今仍然记忆犹新。,http://img2.chinadaily.com.cn/images/202205/31/6295cf62a310fd2bec8c80a8.jpeg
每日新闻播报（May 31）,http://language.chinadaily.com.cn/a/202205/31/WS6295c2cda310fd2b29e600df.html,今日播报内容：上海发布重振经济50条措施；教育部全面排查全国中小学教材。,http://img2.chinadaily.com.cn/images/202205/31/6295c2cda310fd2bec8c7f2b.jpeg
Made it her own? 收为己用,http://language.chinadaily.com.cn/a/202205/31/WS62958fd6a310fd2b29e6005e.html,To make it one’s own意思是把别人的东西经过改良收为己用。,http://img2.chinadaily.com.cn/images/202205/31/62958fd6a310fd2bec8c6d49.jpeg
一课译词：大显身手,http://language.chinadaily.com.cn/a/202205/30/WS62949416a310fd2b29e5fdbb.html,“大显身手”，汉语成语，意思是指充分地显示出本领和才能。可以翻译为“ fully display one's talents”。,http://img2.chinadaily.com.cn/images/202205/30/62949466a310fd2bec8c3922.jpeg
每日一词∣推动外贸保稳提质ensure steady and high-quality growth in foreign trade,http://language.chinadaily.com.cn/a/202205/30/WS6294879aa310fd2b29e5fd7c.html,近日，国务院办公厅印发《关于推动外贸保稳提质的意见》，帮扶外贸企业应对困难挑战，实现进出口保稳提质任务目标，助力稳经济稳产业链供应链。,http://img2.chinadaily.com.cn/images/202205/30/62948b34a310fd2bec8c37aa.jpeg
每日新闻播报（May 30）,http://language.chinadaily.com.cn/a/202205/30/WS62947bf7a310fd2b29e5fd2e.html,今日播报内容：2022中国跨境电商交易会将重启；富国银行CEO:美国经济衰退难以避免；国办印发新污染物治理行动方案；'差钱'让美国人感到前所未有的精神压力。,http://img2.chinadaily.com.cn/images/202205/30/62947bf7a310fd2bec8c3396.jpeg
上海出台新政重振经济 多管齐下助力企业惠及民生,http://language.chinadaily.com.cn/a/202205/30/WS62946381a310fd2b29e5fcbd.html,根据行动方案，上海将于6月1日起取消企业复工复产审批制度，同时出台系列政策稳外资、促消费、扩投资。,http://img2.chinadaily.com.cn/images/202205/30/62946381a310fd2bec8c2fe0.jpeg
美国医疗补助扩员计划即将终止 数百万民众或将失去医保,http://language.chinadaily.com.cn/a/202205/30/WS62941012a310fd2b29e5fabd.html,今年7月美国新冠疫情公共卫生紧急状态到期时，医疗补助扩员计划将随之终止，将有数百万美国人因为不符合条件而失去医保。,http://img2.chinadaily.com.cn/images/202205/30/62941012a310fd2bec8c113e.jpeg
“夫妻相”真的存在吗？答案你可能想不到……,http://language.chinadaily.com.cn/a/202205/29/WS6292b78aa310fd2b29e5f90f.html,近日，有外媒指出，科学研究显示“我们倾向于选择与我们长得像的伴侣。”那么，“夫妻相”真的存在吗？,http://img2.chinadaily.com.cn/images/202205/29/6292b78aa310fd2bec8bea82.jpeg
CNN污蔑中国代表团，结果闹了个大乌龙！,http://language.chinadaily.com.cn/a/202205/28/WS6291660ba310fd2b29e5f7e2.html,5月24日，针对美国有线电视新闻网（CNN）恶意中伤一事，中国代表团发表严正声明称，报道完全不符合事实。,http://img2.chinadaily.com.cn/images/202205/28/6291660ba310fd2bec8bd7bf.jpeg
每日一词∣深化医药卫生体制改革 further reform of the medical and health care system,http://language.chinadaily.com.cn/a/202205/27/WS6290931aa310fd2b29e5f746.html,5月25日，国务院办公厅印发《深化医药卫生体制改革2022年重点工作任务》。《任务》提出，要加快构建有序的就医和诊疗新格局，发挥国家医学中心、国家区域医疗中心的引领辐射作用，发挥省级高水平医院的辐射带动作用，增强市县级医院服务能力，提升基层医疗卫生服务水平。,http://img2.chinadaily.com.cn/images/202205/27/6290931aa310fd2bec8bceb7.jpeg
纾困帮扶小微企业、个体户，金融机构这么做,http://language.chinadaily.com.cn/a/202205/27/WS62909285a310fd2b29e5f742.html,为了让小微企业渡过疫情的艰难时刻，银行业和保险机构正多措并举提升助企纾困质效。,http://img2.chinadaily.com.cn/images/202205/27/62909285a310fd2bec8bce77.jpeg
一课译词：闷闷不乐,http://language.chinadaily.com.cn/a/202205/27/WS6290924aa310fd2b29e5f740.html,“闷闷不乐”，汉语成语，意思是因有不如意的事而心中烦闷不快活。可以翻译为“feel depressed/moody”。,http://img2.chinadaily.com.cn/images/202205/27/629092caa310fd2bec8bcea3.jpeg
每日新闻播报（May 27）,http://language.chinadaily.com.cn/a/202205/27/WS629091c7a310fd2b29e5f73b.html,今日播报内容：我国将在印度洋北部公海海域自主休渔；核酸检测单人单检最高限价16元。,http://img2.chinadaily.com.cn/images/202205/27/629091c7a310fd2bec8bce24.jpeg
分析：30万美国人若接种疫苗本可避免死亡,http://language.chinadaily.com.cn/a/202205/18/WS628443e8a310fd2b29e5d564.html,一份基于真实数据的分析报告显示，新冠疫苗本来可以在2021年1月至2022年4月间防止至少31.8万美国人死于新冠病毒。,http://img2.chinadaily.com.cn/images/202205/18/628443e8a310fd2bec89a459.jpeg
一课译词：沉默寡言,http://language.chinadaily.com.cn/a/202205/17/WS628382b5a310fd2b29e5d422.html,“沉默寡言”，汉语成语，形容人不声不响，很少说话。可以翻译为“be reticent/withdrawn，be scanty of words”等。,http://img2.chinadaily.com.cn/images/202205/17/62838347a310fd2bec8993cd.jpeg
专家：取消对华加征关税才是拜登政府的明智之举,http://language.chinadaily.com.cn/a/202205/17/WS628368a6a310fd2b29e5d3f7.html,本文作者认为，美国目前通胀持续高涨，而要想解决通胀问题，取消对中国商品加征的关税才是明智的选择。,http://img2.chinadaily.com.cn/images/202205/17/628368a5a310fd2bec899131.png
What is a stan? 铁杆粉丝,http://language.chinadaily.com.cn/a/202205/17/WS628365bda310fd2b29e5d3d3.html,Stan的意思和fan相近，指的是铁杆粉丝。,http://img2.chinadaily.com.cn/images/202205/17/628365bda310fd2bec898ed4.jpeg
每日一词∣15分钟核酸采样圈 15-minute nucleic acid test circle,http://language.chinadaily.com.cn/a/202205/17/WS62836419a310fd2b29e5d3d1.html,近日，上海市加快推进常态化核酸采样点布局建设工作，积极构建15分钟核酸“采样圈”，有利于居民在社区或办公区域就近便可进行核酸检测。,http://img2.chinadaily.com.cn/images/202205/18/62843180a310fd2bec899b1c.jpeg
每日新闻播报（May 17）,http://language.chinadaily.com.cn/a/202205/17/WS6283265fa310fd2b29e5d2f0.html,今日播报内容：国产C919大飞机交付前试飞；上海将分阶段推进复商复市；IMF上调人民币SDR权重；美国超三分之二民众成月光族。,http://img2.chinadaily.com.cn/images/202205/17/6283265fa310fd2bec897d16.jpeg
"中国若""躺平""代价有多大?研究模拟数据: 上亿人感染新冠，155万人死亡",http://language.chinadaily.com.cn/a/202205/17/WS6282e58aa310fd2b29e5d0ba.html,在“完全躺平”的情况下，奥密克戎毒株在中国的传播预计会导致155万人死亡。,http://img2.chinadaily.com.cn/images/202205/17/6282e58aa310fd2bec89607e.jpeg
一课译词：心甘情愿,http://language.chinadaily.com.cn/a/202205/16/WS628245bda310fd2b29e5d019.html,"“心甘情愿”，意思是心里完全愿意，没有勉强。多指自愿做出某种牺牲。可以翻译为“be willing to，be perfectly happy to”等。

",http://img2.chinadaily.com.cn/images/202205/16/62824675a310fd2bec89574d.jpeg
每日一词∣中国共产主义青年团成立100周年 100th anniversary of the founding of the CYLC,http://language.chinadaily.com.cn/a/202205/16/WS62821299a310fd2b29e5cfe6.html,庆祝中国共产主义青年团成立100周年大会5月10日在北京人民大会堂隆重举行。中共中央总书记、国家主席、中央军委主席习近平出席大会并发表重要讲话。习近平指出，庆祝中国共产主义青年团成立100周年，就是要激励广大团员青年在实现中华民族伟大复兴中国梦的新征程上奋勇前进。,http://img2.chinadaily.com.cn/images/202205/16/62821299a310fd2bec895070.jpeg
每日新闻播报（May 16）,http://language.chinadaily.com.cn/a/202205/16/WS6281f237a310fd2b29e5cf8f.html,今日播报内容：我国占全球经济比重上升到18%；美国面临婴幼儿奶粉短缺危机；严重新冠感染可使大脑老化20年；法米其林餐厅遭遇'鹅肝酱危机'。,http://img2.chinadaily.com.cn/images/202205/16/6281f237a310fd2bec894bbe.jpeg
人民币在SDR货币篮子中的权重上调意味着什么？,http://language.chinadaily.com.cn/a/202205/16/WS6281e5f4a310fd2b29e5cf66.html,专家指出，人民币在SDR货币篮子中的权重增加反映出人民币日益提升的全球影响力和中国金融开放取得的成就。,http://img2.chinadaily.com.cn/images/202205/16/6281e5f4a310fd2bec8948ab.jpeg
美国新冠死亡破百万，接下来怎么办？ | 小象漫评,http://language.chinadaily.com.cn/a/202205/16/WS6281d3d0a310fd2b29e5cf54.html,当地时间5月9日，美国华盛顿国家大教堂鸣钟1000响，纪念死于新冠的100万美国人。,http://img2.chinadaily.com.cn/images/202205/16/6281d3d0a310fd2bec89468c.png
科学家首次成功在月球土壤里种出植物,http://language.chinadaily.com.cn/a/202205/16/WS62819e6ca310fd2b29e5cd8b.html,美国佛罗里达大学的研究人员首次在阿波罗号宇航员带回的月球土壤里种出了植物，人类朝着在月球上种植粮食又迈近了一步。,http://img2.chinadaily.com.cn/images/202205/16/62819e6ca310fd2bec891f44.jpeg
每日新闻播报（May 13）,http://language.chinadaily.com.cn/a/202205/13/WS627e1d83a310fd2b29e5c9a6.html,今日播报内容：我国首部生物经济五年规划出台；央行货币政策加大对实体经济支持力度；尹锡悦宣誓就任韩国总统；马斯克称将恢复特朗普推特。,http://img2.chinadaily.com.cn/images/202205/13/627e1d83a310fd2bec88d485.jpeg
每日一词∣纾困稳岗 help ease enterprises' burden and keep their payroll stable,http://language.chinadaily.com.cn/a/202205/13/WS627e1b64a310fd2b29e5c9a0.html,为助力特困行业纾困稳岗，有效对冲疫情影响，人力资源社会保障部办公厅和国家税务总局办公厅近日发布通知，对特困行业阶段性实施缓缴养老保险、失业保险和工伤保险费政策。通知明确，缓缴适用于餐饮、零售、旅游、民航、公路水路铁路运输企业三项社保费的单位应缴纳部分。,http://img2.chinadaily.com.cn/images/202205/13/627e1b64a310fd2bec88d45f.jpeg
一课译词：言之有理,http://language.chinadaily.com.cn/a/202205/13/WS627e1b2ba310fd2b29e5c99e.html,“言之有理”，汉语成语，意思是说的话有道理。可以翻译为“it stands to reason，sound reasonable/plausible”等。,http://img2.chinadaily.com.cn/images/202205/13/627e1f49a310fd2bec88d4d5.jpeg
美国通胀持续攀升，超三分之二民众成月光族,http://language.chinadaily.com.cn/a/202205/13/WS627e1ae0a310fd2b29e5c999.html,美国在线借贷平台LendingClub的一份报告显示，截至今年3月，64%的美国人成为月光族。,http://img2.chinadaily.com.cn/images/202205/13/627e1ae0a310fd2bec88d420.jpeg
Special shout out? 公开致意,http://language.chinadaily.com.cn/a/202205/13/WS627e13cfa310fd2b29e5c991.html,Shoutout意思是公开致意，公开赞赏。,http://img2.chinadaily.com.cn/images/202205/13/627e13cfa310fd2bec88d342.jpeg
不写完不许走！这家专治拖延症的写作咖啡馆火了,http://language.chinadaily.com.cn/a/202205/13/WS627d9f8aa310fd2b29e5c599.html,这家咖啡馆只允许有迫在眉睫写作任务的文字工作者进入。而且，一旦到店，不完成任务的话，工作人员是不会放你走的。,http://img2.chinadaily.com.cn/images/202205/13/627d9f89a310fd2bec88aa62.jpeg
一课译词：萍水相逢,http://language.chinadaily.com.cn/a/202205/12/WS627cdbe6a310fd2b29e5c4f3.html,“萍水相逢”，原义是浮萍因水而四处流荡，聚散不定；比喻人本素不相识，因机缘巧合偶然相逢。可以翻译为“meet by chance”。,http://img2.chinadaily.com.cn/images/202205/12/627cdc26a310fd2bec889f4a.jpeg
每日一词∣生物经济 bioeconomy,http://language.chinadaily.com.cn/a/202205/12/WS627ccb43a310fd2b29e5c4c7.html,5月10日，国家发改委印发《“十四五”生物经济发展规划》（以下简称《规划》）。,http://img2.chinadaily.com.cn/images/202205/12/627ccb43a310fd2bec889b98.jpeg
“周到”、“合群”、“圆滑”等用英语怎么说？,http://language.chinadaily.com.cn/a/202205/12/WS627cc9b4a310fd2b29e5c4b6.html,汉语里各种用来形容人的处事风格和性格特点的词语，如“周到”、“合群”、“真实”、“圆滑”、“装”、“假惺惺”等在英语中有没有对应的说法？,http://img2.chinadaily.com.cn/images/202205/12/627cc9b4a310fd2bec889b2a.jpeg
每日新闻播报（May 12）,http://language.chinadaily.com.cn/a/202205/12/WS627ca781a310fd2b29e5c42d.html,今日播报内容：4月份CPI同比上涨2.1%；两部门拟修订鼓励外商投资产业目录；专家：中国有望实现全年经济增长目标；我国60岁以上老年人群接种率不断提升。,http://img2.chinadaily.com.cn/images/202205/12/627ca781a310fd2bec8889ba.jpeg
专家：今年通胀水平总体温和可控,http://language.chinadaily.com.cn/a/202205/12/WS627c9608a310fd2b29e5c407.html,国家统计局日前发布的数据显示，4月份全国居民消费价格指数同比上涨2.1%，创下五个月来的最大涨幅。,http://img2.chinadaily.com.cn/images/202205/12/627c9608a310fd2bec888718.jpeg
缺货率高达40%！美国婴幼儿奶粉危机引发恐慌,http://language.chinadaily.com.cn/a/202205/12/WS627c5511a310fd2b29e5c1af.html,"美国各地商店的畅销婴儿配方奶粉被抢购一空，平均缺货率高达40%，大型连锁药店纷纷实行限购措施。

",http://img2.chinadaily.com.cn/images/202205/12/627c5511a310fd2bec8861ab.jpeg
一课译词：断断续续,http://language.chinadaily.com.cn/a/202205/11/WS627b814fa310fd2b29e5c0c7.html,“断断续续”，汉语词语，意思是时而中断，时而继续。可以翻译为“ intermittently，off and on”。,http://img2.chinadaily.com.cn/images/202205/11/627b8181a310fd2bec8850b5.jpeg
央行货币政策加大对实体经济支持力度,http://language.chinadaily.com.cn/a/202205/11/WS627b7c90a310fd2b29e5c0ba.html,央行将发挥存款利率市场化调整机制的“重要作用”，完善市场化利率形成，推动降低企业综合融资成本。,http://img2.chinadaily.com.cn/images/202205/11/627b7c90a310fd2bec884f7e.jpeg
每日一词∣以县城为重要载体的城镇化建设 urbanization with a focus on county towns,http://language.chinadaily.com.cn/a/202205/11/WS627b7b19a310fd2b29e5c0a8.html,近日，中共中央办公厅、国务院办公厅印发了《关于推进以县城为重要载体的城镇化建设的意见》。《意见》明确，到2025年，以县城为重要载体的城镇化建设取得重要进展。,http://img2.chinadaily.com.cn/images/202205/11/627b7b19a310fd2bec884dd9.jpeg
每日新闻播报（May 11）,http://language.chinadaily.com.cn/a/202205/11/WS627b5faaa310fd2b29e5c033.html,今日播报内容：天舟四号货运飞船成功发射；今年前4个月我国外贸增长7.9%；2025年全国护士总数达到550万人；去年中国沿海海平面较常年高84毫米。,http://img2.chinadaily.com.cn/images/202205/11/627b5faaa310fd2bec8846d2.jpeg
TED演讲：对完美的追求正在毁了年轻人,http://language.chinadaily.com.cn/a/202205/11/WS627b1032a310fd2b29e5be4c.html,如果我们告诉年轻人，在生活中没有比追求虚妄的完美更重要的事，那么我们就会让一代代的年轻人都遭受徒劳和绝望。,http://img2.chinadaily.com.cn/images/202205/11/627b1032a310fd2bec882fc1.jpeg
